label,area,peri,verts,circularity,solidity
,,,,,
,,,,,
,,,,,
,,,,,
,,,,,
,,,,,
,,,,,
,,,,,
,,,,,
,,,,,
,,,,,
,,,,,
,,,,,
,,,,,
,,,,,
,,,,,
,,,,,
,,,,,
,,,,,
,,,,,
,,,,,
,,,,,
,,,,,
,,,,,
,,,,,
,,,,,
,,,,,
,,,,,
,,,,,
CUBE,9881.0,397.3137083053589,4,0.7865813848371315,0.9929156408581621
CLOVER,8986.5,411.37972366809845,8,0.6672900950547085,0.9445553920538154
SPHERE,9196.0,356.73506212234497,8,0.9080656203586447,0.9936250675310643
PENTAGON,9758.5,383.5807341337204,5,0.8334496306351165,0.99601939270222
PENTAGON,9093.5,370.811182141304,6,0.8310655706389363,0.9874579215984363
SPHERE,8167.5,340.8944424390793,7,0.8832002129472821,0.994762803726935
SPHERE,9175.0,452.1076455116272,8,0.5640690022019993,0.9306689658670183
CLOVER,9250.5,406.2670258283615,4,0.7042906485818461,0.9671197072660742
CLOVER,9298.0,404.3675310611725,4,0.7145734124433054,0.9767319712169756
CUBE,9764.0,394.1421353816986,4,0.7898268700260126,0.9946012019965366
PENTAGON,9686.5,416.2670258283615,6,0.7024779984465834,0.9641186423808102
CLOVER,10145.0,427.76449966430664,7,0.6967106294512077,0.9513761898063487
PENTAGON,8803.0,385.53910398483276,7,0.7442240467341614,0.9575243378473922
SPHERE,8079.5,421.92387998104095,9,0.5703298953697316,0.9543467989605481
CLOVER,9338.5,401.78174459934235,4,0.726953424471171,0.9741810974337576
CUBE,9768.5,392.72792184352875,4,0.7958920852992238,0.9951609616951915
CLOVER,8235.5,391.5807341337204,8,0.6749276229888458,0.9459568113944407
CUBE,9130.0,386.97056245803833,4,0.7661693671705232,0.9848975188781014
PENTAGON,9693.0,451.3380935192108,6,0.5979489348432823,0.9431281926538555
SPHERE,8375.5,344.69343197345734,8,0.8858385799437204,0.9932404387785354
SPHERE,9056.0,355.90663504600525,8,0.8984090310069759,0.9933092025885708
CLOVER,10063.5,424.69343197345734,8,0.7011449750469104,0.9551084325914677
PENTAGON,8513.5,372.811182141304,6,0.7697330674226976,0.9624123897806919
PENTAGON,9276.5,370.811182141304,6,0.8477901540696203,0.9939994642378783
CUBE,9382.5,387.0710676908493,4,0.7869497762968267,0.9984038308060654
SPHERE,7144.0,326.02438521385193,7,0.8446001235907378,0.9927737632017788
PENTAGON,8542.0,384.71067690849304,7,0.7252720681648667,0.9547334302000671
PENTAGON,8472.0,377.39696860313416,6,0.7474790006277667,0.960272031737036
PENTAGON,9278.0,371.39696860313416,6,0.8452545610374607,0.9937342687302523
PENTAGON,8576.5,381.63960921764374,8,0.739968224895549,0.951200576720457
PENTAGON,9269.0,370.56854152679443,6,0.8482144167979025,0.9967738466501774
PENTAGON,8504.0,380.2253956794739,8,0.7391811349983349,0.9485778025655326
PENTAGON,8616.5,390.9533175230026,7,0.7084202237612535,0.9533108369751618
SPHERE,9067.0,355.90663504600525,8,0.8995002963935788,0.9933172655565293
CLOVER,10156.0,438.9360725879669,8,0.6624147728897023,0.9443927840803422
CLOVER,9335.5,400.9533175230026,4,0.72972600758066,0.9755982861323023
CUBE,9771.5,392.72792184352875,4,0.7961365113887869,0.9954158814241328
CLOVER,8233.0,391.3380935192108,8,0.6755596928711585,0.9447472603132709
CUBE,9164.0,386.97056245803833,4,0.7690225718237321,0.9843708040174016
PENTAGON,9604.5,417.92387998104095,6,0.6910194163671106,0.9478436790683904
SPHERE,8383.5,344.69343197345734,7,0.8866847035947919,0.9937177739583951
SPHERE,9132.0,394.73506212234497,9,0.736485767704365,0.9755368016237581
CLOVER,10124.5,429.0365778207779,4,0.6911858028585751,0.9543312282024696
PENTAGON,8581.5,383.63960921764374,7,0.7326999990316778,0.9540830507532381
PENTAGON,8659.0,391.8822498321533,8,0.7085433367973546,0.9463387978142076
PENTAGON,8608.5,389.2964633703232,7,0.7137998152224636,0.941642966528112
PENTAGON,8672.5,388.1248904466629,8,0.7234544338670984,0.9509320175438597
PENTAGON,9280.5,370.811182141304,7,0.8481557187347719,0.9942150088381809
PENTAGON,9356.0,371.39696860313416,6,0.8523606028310501,0.9968037502663541
CUBE,9568.0,390.48528122901917,4,0.7885363056075494,0.998018149577553
SPHERE,8143.5,423.92387998104095,8,0.5694363696417972,0.95524926686217
SPHERE,8177.0,422.5096664428711,8,0.5756129590429565,0.9549781021897811
PENTAGON,8697.5,387.63960921764374,7,0.7273576439352449,0.9624854755712942
PENTAGON,9134.0,368.56854152679443,6,0.8449564843079533,0.9944474686989657
SPHERE,8356.0,344.99494767189026,7,0.8822320385281864,0.9961850262279447
CLOVER,8565.5,394.7523070573807,6,0.6907378107047597,0.9508242215685186
CLOVER,8654.5,397.92387998104095,9,0.6868340877377287,0.9556119913874013
CUBE,8891.0,381.3137083053589,4,0.7684146518002894,0.9803726982026685
CLOVER,10646.0,456.16652059555054,5,0.6429090066678125,0.9549695012558307
PENTAGON,8922.0,366.99494767189026,5,0.8324380284997376,0.9947597279518341
CUBE,11082.5,417.2132030725479,4,0.800076504392823,0.9955086458567258
SPHERE,9028.5,433.8061298131943,11,0.6028844710126179,0.9577278031187016
SPHERE,9082.5,389.3208485841751,9,0.7530086202581642,0.9662748018511623
SPHERE,9119.0,409.5634891986847,9,0.6831477011993694,0.963953488372093
SPHERE,8996.5,390.14927566051483,8,0.7427143900113128,0.9648755898755899
SPHERE,9017.5,390.97770273685455,8,0.7412966440274027,0.9657295850066935
PENTAGON,9140.5,367.9827550649643,6,0.8482519833511453,0.9946137105549511
PENTAGON,8424.0,373.39696860313416,6,0.759253227135735,0.9642305270989526
SPHERE,8996.0,403.5634891986847,9,0.6941216240406687,0.9568685848002978
CUBE,9546.5,388.72792184352875,4,0.7938940878355639,0.9949452840020844
SPHERE,6854.5,318.9533175230026,7,0.8467035825083384,0.9921117383123462
CLOVER,10696.5,459.5807341337204,5,0.6363967168020956,0.9457141594093983
CUBE,8374.0,344.99494767189026,7,0.8841324905020383,0.9958970089790093
CUBE,8358.0,344.99494767189026,7,0.8824431998586144,0.995711222301644
SPHERE,8362.5,345.5807341337204,7,0.8799276180888267,0.9951210805021717
SPHERE,8368.5,345.5807341337204,8,0.8805589562901461,0.994947093092379
SPHERE,8369.0,346.16652059555054,7,0.8776337300304223,0.9955391661214537
SPHERE,8387.0,346.99494767189026,8,0.8753267570716878,0.9943683680123303
SPHERE,8378.0,346.99494767189026,7,0.8743874532904019,0.9944213649851632
CLOVER,8600.0,396.16652059555054,8,0.6885774132210526,0.9498039648793417
CLOVER,8653.0,397.3380935192108,10,0.6887413546252847,0.955868544600939
CUBE,8986.5,382.3847759962082,4,0.7723235116795626,0.9841747891797175
CUBE,8968.0,382.97056245803833,4,0.7683775693492839,0.9838187702265372
SPHERE,8447.0,347.82337474823,7,0.8773943414372111,0.9945837748734252
CLOVER,8552.0,396.16652059555054,8,0.6847341904495863,0.9501694350313872
PENTAGON,8377.0,365.7401144504547,6,0.786960957062726,0.9750902106856012
SPHERE,6856.5,318.1248904466629,6,0.8513674542664748,0.9947047729580734
CLOVER,10722.0,461.3380935192108,5,0.6330631491017081,0.9473405195264181
SPHERE,9159.0,395.90663504600525,9,0.7342980292558869,0.9674659342980881
SPHERE,9118.5,407.3208485841751,9,0.6906531337547925,0.9616134985499605
PENTAGON,7836.5,346.2670258283615,6,0.8213149507356587,0.9946059144561492
CLOVER,7696.0,483.9655101299286,9,0.41290115495482677,0.7817563106303012
CLOVER,10026.5,410.18376553058624,4,0.7488628508570142,0.9837135148393427
CLOVER,9944.0,427.7401144504547,7,0.6829847663437649,0.9767693138843868
CLOVER,9978.0,432.911687374115,7,0.669044095480504,0.9778997402851962
CLOVER,9955.5,429.9827550649643,7,0.6766605611790281,0.974882491186839
CLOVER,10011.5,433.9827550649643,7,0.6679809400758095,0.9726040705299461
PENTAGON,9996.5,389.5807341337204,5,0.8276808194596332,0.9892137944683588
SPHERE,9103.0,355.90663504600525,8,0.9030717103860977,0.9934519262250354
CUBE,10094.0,400.48528122901917,4,0.7908607926085766,0.9957581138403867
CLOVER,8933.0,407.4802289009094,9,0.6760738142197603,0.9492588066521439
SPHERE,7970.5,341.4385987520218,7,0.8591523835387288,0.9957523892810294
SPHERE,7887.0,422.5096664428711,8,0.5551986557382655,0.9437597223884169
SPHERE,7898.0,457.6812393665314,9,0.4738062353888909,0.906253585771658
SPHERE,7872.5,412.2670258283615,6,0.5820567538723069,0.9304455738092424
PENTAGON,9939.5,388.7523070573807,5,0.8264725682654571,0.9886606654398965
SPHERE,7540.0,333.1959581375122,6,0.8534572280558117,0.9949198390182754
CLOVER,10025.5,434.634556889534,7,0.6669102601684513,0.9428665475406752
PENTAGON,9126.0,372.16652059555054,5,0.8279721405923587,0.9901269393511989
CUBE,11284.0,422.48528122901917,4,0.7944192784289386,0.9997784964337926
PENTAGON,9050.0,375.7401144504547,5,0.8055329626606649,0.9926510913677745
SPHERE,8060.0,340.6518018245697,8,0.8728176602199961,0.9901111725323998
CLOVER,9045.0,402.99494767189026,7,0.6998729885370896,0.9558279615343971
CUBE,9391.0,385.65685415267944,4,0.7934500573884867,0.9999467603684182
SPHERE,7906.0,416.85281229019165,7,0.5717434558907031,0.9350127136183549
SPHERE,7895.5,403.4385987520218,7,0.6095854724668136,0.9434221531843708
SPHERE,7919.5,401.4385987520218,7,0.6175460825554334,0.9440338538562403
SPHERE,7662.5,335.4385987520218,6,0.8557645288451227,0.9950652555028894
CLOVER,9095.0,403.4802289009094,10,0.7020500107672101,0.9577212657294792
CUBE,10131.5,497.6984843015671,6,0.5139856292200895,0.9081660093223377
PENTAGON,8348.5,357.4385987520218,6,0.8211366144411086,0.9939282100125008
SPHERE,8568.5,348.4091612100601,7,0.8870243318910025,0.9952378186886579
CLOVER,9942.0,415.1959581375122,7,0.724731918197324,0.9729888432178508
PENTAGON,8395.5,357.09545290470123,6,0.8273471777188097,0.9951401647602679
CLOVER,10077.0,420.3675310611725,6,0.7166098849946176,0.9712303021541131
SPHERE,8279.0,343.62236428260803,7,0.8810993955365262,0.9928048926729823
SPHERE,8750.5,349.66399443149567,8,0.8993751924302412,0.9931335830212235
CUBE,10590.5,410.2426406145096,4,0.7907600691155903,1.0
CLOVER,9520.5,422.4924215078354,10,0.6702422100622368,0.9454319761668322
CUBE,9067.0,379.3137083053589,4,0.7919110503848736,0.9938616683108626
PENTAGON,8943.5,365.9827550649643,6,0.8390660150772136,0.9943851456526573
PENTAGON,9209.5,370.811182141304,6,0.8416669459283317,0.9928309616213885
CUBE,9784.5,393.0710676908493,4,0.7958044160523673,0.9998467198038014
CUBE,9811.5,396.72792184352875,4,0.7833570161211345,0.9964960390006093
CLOVER,9121.5,421.2964633703232,10,0.6458036565838162,0.9574870099196977
CLOVER,9176.5,437.63960921764374,10,0.6020792913827216,0.962755075276714
CLOVER,9168.5,441.63960921764374,11,0.5907070028926137,0.9632801008615255
CLOVER,9173.5,405.92387998104095,9,0.6996095468355519,0.9649713354020933
SPHERE,8111.0,342.5096664428711,7,0.8688375849726726,0.9948485220164357
CUBE,9705.5,394.72792184352875,4,0.7827662309933081,0.9957933617195917
CUBE,9558.5,389.899494767189,4,0.7901221988179591,0.9982246357892538
CLOVER,9093.0,447.0538227558136,11,0.5717384886986651,0.9623749801555802
SPHERE,8027.0,337.9655101299286,8,0.8831172392752712,0.9935635598465157
SPHERE,8607.5,346.3502861261368,8,0.9016869700645286,0.9942820838627701
CUBE,11045.0,414.97056245803833,4,0.8060110676984951,0.9993666304741223
PENTAGON,9902.5,387.92387998104095,5,0.8269165523870308,0.9915886446703049
PENTAGON,8748.0,374.71067690849304,6,0.7829364322721167,0.9739478957915831
CLOVER,9267.0,406.16652059555054,9,0.7058960989316566,0.9649606914145884
CLOVER,8713.0,401.9655101299286,7,0.6776415018054842,0.9460882784081655
PENTAGON,9225.5,370.61017167568207,6,0.8440440405399511,0.9945558430357913
PENTAGON,8559.5,361.92387998104095,6,0.8211524294123299,0.991715907774302
PENTAGON,8481.0,361.3380935192108,6,0.8162617192635271,0.9896726763521793
CUBE,10046.0,400.97056245803833,4,0.785195963527613,0.9938662445587654
CUBE,10031.0,401.3137083053589,4,0.7826833671417458,0.99578100957959
SPHERE,7755.0,427.6812393665314,8,0.5327841130985128,0.9223358705994291
SPHERE,8202.5,342.20815074443817,7,0.8801879208753738,0.9926181400133115
CLOVER,9806.5,432.7766922712326,7,0.6579549675329925,0.9348872682206015
PENTAGON,9779.0,384.6518018245697,5,0.8305557091323568,0.9921371683660528
CLOVER,10693.0,429.76449966430664,5,0.7275257253957131,0.9586265632704289
SPHERE,7895.0,343.1959581375122,6,0.8423210798388876,0.9919587887925618
PENTAGON,9562.5,377.1543279886246,6,0.8447790218882152,0.997912861987999
CUBE,10109.0,399.3137083053589,4,0.7966904683976921,0.9965005668096013
CLOVER,8872.5,398.7523070573807,7,0.7012121854281348,0.9545968045618376
SPHERE,8633.0,348.6518018245697,7,0.8924579796062625,0.9959621596677434
SPHERE,8634.0,349.82337474823,7,0.8865929184817165,0.9952737752161384
SPHERE,8540.0,347.13708305358887,7,0.8905651888385065,0.9944687045123727
CUBE,10485.0,408.1421353816986,4,0.7909616627240822,0.9956792175110394
CLOVER,9511.0,408.5096664428711,4,0.7161951415331336,0.9664177208758827
CLOVER,9824.5,458.14927566051483,11,0.5881746631764923,0.924919977405385
PENTAGON,9266.0,372.99494767189026,5,0.8369437325287357,0.9953273537783984
PENTAGON,9440.0,376.16652059555054,6,0.8383426830456888,0.9919613303210214
CLOVER,10217.0,430.1076455116272,6,0.6940311005867094,0.9598384142045188
SPHERE,7454.0,404.16652059555054,10,0.5734275852635209,0.9354919678714859
PENTAGON,9136.5,369.8406196832657,6,0.8393836516279648,0.9983609244386166
CUBE,9448.0,387.3137083053589,4,0.7914509630592035,0.9933238711034011
CUBE,9516.0,389.79898953437805,4,0.7870147637472369,0.9902700452677038
CLOVER,9513.5,406.61017167568207,4,0.7230922539424255,0.9733974522944697
PENTAGON,8398.5,403.4385987520218,6,0.6484204408223081,0.9435456690259522
PENTAGON,8405.0,401.1959581375122,6,0.6561973673695429,0.9462958793064625
SPHERE,8283.5,344.8944424390793,8,0.875087233476201,0.9929872932150563
CLOVER,9514.5,406.61017167568207,4,0.7231682609066283,0.9731512733967475
SPHERE,7919.0,340.85281229019165,6,0.8565376227761442,0.9945368916797488
PENTAGON,8397.0,399.1959581375122,6,0.6621581768097161,0.9477961510243241
CLOVER,9712.0,451.0782079696655,10,0.5998115784910756,0.9250404800457186
CUBE,11270.5,421.55634891986847,4,0.7969696416404863,0.9994679200106416
CUBE,10831.0,417.79898953437805,4,0.7797289323272057,0.9902628571428571
CLOVER,10343.5,427.722869515419,5,0.7104809524870861,0.9708104556760054
PENTAGON,8987.0,368.08326029777527,5,0.8335515657761866,0.991559552049429
CUBE,9427.0,386.48528122901917,4,0.7930808310499946,0.997355057130766
SPHERE,7656.5,331.92387998104095,6,0.8732993842024677,0.9948674636174636
PENTAGON,9206.5,370.46803629398346,5,0.842952173625314,0.9948670845039983
SPHERE,8318.5,345.23758828639984,7,0.8770386583579589,0.9935503135264258
CLOVER,9552.5,407.4385987520218,4,0.7231070092260491,0.9723635993485342
SPHERE,7916.5,340.2670258283615,6,0.8592179671205223,0.9955357142857143
PENTAGON,8376.5,385.4385987520218,6,0.7085362089134053,0.9606077981651376
CLOVER,9679.0,435.5634891986847,11,0.6411171839852695,0.9288421860755242
CUBE,11109.5,418.72792184352875,4,0.796233661594114,0.9967252826125964
CUBE,10742.5,414.87005722522736,4,0.7843159443708645,0.9908227264342372
CLOVER,10380.0,434.45079135894775,7,0.6910763523232029,0.9537811265276118
PENTAGON,8925.0,372.08326029777527,6,0.8100984942636772,0.9894678492239468
CUBE,9405.5,387.55634891986847,4,0.7869045202544981,0.9950804062632247
SPHERE,7561.5,331.09545290470123,6,0.8667850011614499,0.9944108364018938
PENTAGON,9197.0,369.8822498321533,5,0.8447516900740045,0.9951309240424151
CUBE,9914.0,395.3137083053589,4,0.7972142064899257,0.9967826261813795
SPHERE,8014.5,340.4091612100601,7,0.8691281538673842,0.9937383756974582
SPHERE,8106.5,341.5807341337204,6,0.8730849778228358,0.9955787534540989
SPHERE,7417.5,329.4385987520218,7,0.8588522444702972,0.9943029490616622
CLOVER,10136.0,476.73506212234497,9,0.5604311652510606,0.9084065244667503
CLOVER,10425.5,437.9482651948929,10,0.6830635893820693,0.9497585861346451
CLOVER,10291.0,433.5634891986847,6,0.6879581766842723,0.9582382792494996
PENTAGON,9619.0,380.6518018245697,5,0.8342265528131007,0.9937496771527455
CUBE,9508.5,389.0710676908493,4,0.7893398000193402,0.9967503537921275
CUBE,9201.0,383.65685415267944,4,0.7855231198285951,0.9954021745010007
PENTAGON,9212.0,369.53910398483276,6,0.8477015756923765,0.9916038751345533
PENTAGON,9518.5,375.63960921764374,6,0.8476871857828442,0.996597214951314
CUBE,9961.5,399.0710676908493,4,0.7860209425302558,0.9981462925851703
CLOVER,9196.0,416.6518018245697,9,0.6656750783135782,0.9535462463708005
CUBE,9671.5,395.0710676908493,4,0.7786696506543677,0.9908816146713796
SPHERE,7110.5,324.9533175230026,6,0.8461903231103303,0.9928092711533091
CLOVER,10177.0,428.2497808933258,7,0.6973251672477957,0.9477997671711292
CLOVER,9515.0,424.8771975040436,12,0.662356509811579,0.9344463540387921
PENTAGON,9328.0,374.6518018245697,5,0.835108204126591,0.9917074207952371
SPHERE,8637.5,352.3502861261368,8,0.8742762230295136,0.9884419522801396
CUBE,9442.0,386.48528122901917,4,0.7943427608755753,0.9975699947173798
PENTAGON,8903.5,368.1248904466629,6,0.8256201072790039,0.9847915053644508
SPHERE,7956.5,337.5807341337204,6,0.877357563786807,0.9959319063712605
PENTAGON,9159.5,372.46803629398346,5,0.8296666104279465,0.9919319904700021
CLOVER,9198.5,404.4091612100601,7,0.7067810653122607,0.9587763185324161
SPHERE,7560.0,333.1959581375122,6,0.8557210403318218,0.9953917050691244
SPHERE,7710.5,385.09545290470123,7,0.6533646361526996,0.9559853697848862
CUBE,10425.5,404.72792184352875,4,0.7997982003099032,0.9977032393894445
CLOVER,9795.5,414.2670258283615,4,0.7172585603964533,0.9687005537974683
CLOVER,9199.0,407.3380935192108,4,0.6966913686145012,0.9576306475119717
SPHERE,7740.5,361.4385987520218,8,0.7445773472039408,0.9721803566942979
CUBE,11149.0,418.97056245803833,4,0.7981394177403139,0.9977626633255773
CLOVER,9360.0,423.22034335136414,11,0.6566782654591248,0.9323637812531128
PENTAGON,9307.0,374.99494767189026,5,0.8317039133682211,0.9935945340023487
PENTAGON,9432.5,377.5807341337204,6,0.831413409605137,0.9891982591369094
CUBE,9153.0,383.3137083053589,4,0.782824887570337,0.9904236325271871
SPHERE,7854.5,338.7523070573807,7,0.8601295827791562,0.9909165457642086
SPHERE,7655.5,334.2670258283615,6,0.8609865169186226,0.9959669550510636
PENTAGON,8802.0,366.56854152679443,5,0.8231535302159403,0.9890443283330524
CUBE,10294.5,403.55634891986847,4,0.7943405871389692,0.9964187194502251
CLOVER,9741.5,414.2670258283615,4,0.7133045037110969,0.9710910631510741
CLOVER,9257.0,407.82337474823,4,0.6994165417746779,0.9562028716041732
SPHERE,8032.0,414.85281229019165,7,0.5864695752269141,0.9377152530500262
CUBE,11048.5,419.899494767189,4,0.7874490798814667,0.9962578899909829
CLOVER,9398.5,425.8061298131943,8,0.651395256178121,0.933224108827326
PENTAGON,9342.0,374.99494767189026,5,0.8348316276658346,0.995577343208824
PENTAGON,9354.5,377.23758828639984,5,0.8260389461097047,0.9879079100221776
CUBE,9041.5,384.3847759962082,4,0.7689852213646384,0.9936260234078795
SPHERE,7868.5,337.5807341337204,7,0.8676538667324188,0.9914944556451613
SPHERE,7716.5,337.09545290470123,6,0.8533445828259398,0.9942662028089164
PENTAGON,8861.5,367.63960921764374,5,0.8238962274061506,0.9883999776922648
CUBE,10369.0,405.3137083053589,4,0.7931661172121802,0.9960136400749243
CLOVER,9829.5,415.4385987520218,4,0.7156943711445992,0.9707668757098414
CLOVER,9352.0,410.6518018245697,7,0.6968942748714761,0.9566284779050737
SPHERE,7833.0,376.5096664428711,8,0.6943616543365254,0.9672758705853297
CUBE,11060.0,420.1421353816986,4,0.787358488825288,0.9976097054976774
CLOVER,9396.0,425.22034335136414,8,0.6530174767463794,0.9329295536911085
PENTAGON,9338.5,375.5807341337204,5,0.8319177184320853,0.995257380368752
PENTAGON,9357.5,378.4091612100601,6,0.8211952255931563,0.9772845953002611
CUBE,9076.5,380.72792184352875,4,0.7868624475764784,0.9945214485290089
SPHERE,7875.5,337.5807341337204,7,0.8684257517253815,0.9915643689014794
SPHERE,7719.0,336.5096664428711,6,0.85659555556002,0.9945242543322811
PENTAGON,8858.0,367.39696860313416,5,0.8246589994006698,0.9904953594990495
CUBE,10199.5,401.899494767189,4,0.7935125975161567,0.996044921875
CLOVER,8845.0,406.30865597724915,7,0.6732797492334799,0.9485254691689008
CLOVER,8896.0,405.3380935192108,7,0.6804086047893022,0.9504781238314013
CLOVER,8952.0,416.16652059555054,9,0.649524681282505,0.9481042152086422
CUBE,11065.5,419.55634891986847,4,0.7899512882854225,0.991976692066338
SPHERE,8444.5,344.69343197345734,8,0.8931363964342125,0.9937044010355378
PENTAGON,9308.0,373.82337474823,5,0.8370151734558262,0.9938073884262225
PENTAGON,9564.0,392.99494767189026,7,0.7781718156623063,0.9591816267174806
CUBE,8915.0,377.3137083053589,4,0.786911774319901,0.993923853057584
SPHERE,7803.0,337.3380935192108,7,0.8616694560485003,0.9902284263959391
SPHERE,7671.0,335.6812393665314,6,0.8554757571519246,0.9942323893461215
PENTAGON,8803.0,365.0538227558136,5,0.8300930249634919,0.9900466737895743
CUBE,8752.5,373.55634891986847,4,0.7881878563919664,0.9931351412685805
PENTAGON,8869.0,369.6812393665314,6,0.8155107606558756,0.9923356643356643
SPHERE,8534.5,345.722869515419,7,0.8972877294380084,0.995393048752041
CLOVER,9306.0,411.82337474823,4,0.6895264431053828,0.9549022625827305
CLOVER,9405.0,402.3675310611725,4,0.7299999116112592,0.9745609035801254
CUBE,10992.5,418.3847759962082,4,0.7891409709672245,0.9888898884490824
CLOVER,9299.0,423.22034335136414,8,0.6523986314641455,0.9292959576275421
CUBE,10825.5,411.55634891986847,4,0.803154721596177,0.9978798912292022
PENTAGON,9098.5,384.06601536273956,5,0.7751181459071449,0.9799138395261174
CUBE,8704.0,371.3137083053589,4,0.7933170356851277,0.9969646641085849
SPHERE,7570.0,332.5096664428711,7,0.8603936430659995,0.9931776436630806
SPHERE,7473.5,331.4385987520218,6,0.8549244437698367,0.9949410903281635
PENTAGON,8732.0,362.56854152679443,5,0.8347248675642217,0.9954400364797081
CLOVER,9293.5,412.4091612100601,7,0.6866454698227737,0.9559738723448028
SPHERE,8606.0,350.30865597724915,8,0.8812709784591483,0.9927899867335755
CLOVER,9734.5,413.5807341337204,4,0.7151595030336212,0.9603887134964483
CLOVER,9380.0,421.39696860313416,9,0.6637887508380312,0.9682080924855492
CUBE,11075.0,422.6274166107178,4,0.7791808399562619,0.9945222701149425
PENTAGON,9215.5,373.23758828639984,5,0.8313004554205478,0.9906476753560871
PENTAGON,8198.5,355.01219260692596,5,0.8174434672153782,0.9926746579489042
CUBE,10627.5,414.2426406145096,4,0.7782719436096462,0.9930386843580639
CUBE,8929.5,378.3847759962082,4,0.7837358202610524,0.9913405495420483
SPHERE,7774.0,336.5096664428711,7,0.8626990347096251,0.9918346516968615
SPHERE,7636.0,334.85281229019165,6,0.855791329813789,0.9947889525794684
PENTAGON,8788.0,363.39696860313416,5,0.836252274340501,0.9930504548279564
CUBE,10545.0,407.3137083053589,4,0.7987270537862242,0.9983431952662722
CLOVER,9889.5,417.09545290470123,4,0.7143536831671569,0.9693687512252499
SPHERE,8078.0,341.3380935192108,6,0.8712528181652505,0.9947663321224063
CLOVER,9233.0,402.911687374115,6,0.7147151187037458,0.9699038815063816
CUBE,11083.5,419.0710676908493,4,0.7930698369385434,0.9992787269530722
PENTAGON,9299.5,373.23758828639984,5,0.8388778237950609,0.9935363247863248
CLOVER,9463.5,424.634556889534,12,0.6595245737593036,0.9367946941199763
PENTAGON,9584.5,384.7523070573807,6,0.8136110915526709,0.9869227204860217
CUBE,9109.0,379.3137083053589,4,0.7955793270051631,0.9975360017521765
SPHERE,7740.5,337.09545290470123,7,0.8559986708176229,0.9899603529863154
SPHERE,7581.5,333.4385987520218,6,0.8569061483510639,0.995143400931942
PENTAGON,8705.0,361.8822498321533,5,0.8353030672119601,0.9907807876166629
SPHERE,8565.0,349.13708305358887,8,0.8829686273065237,0.9930434782608696
PENTAGON,8632.5,367.09545290470123,6,0.8049862104726171,0.9884919271727929
CUBE,10177.0,400.48528122901917,4,0.7973638088347021,0.9996071112857283
CLOVER,9143.5,454.7523070573807,7,0.55561314405615,0.9510609527771999
CUBE,10950.5,416.72792184352875,4,0.7923893192607001,0.9955905082280208
PENTAGON,9166.5,373.23758828639984,5,0.8268803238687484,0.9901166558651977
CLOVER,10184.5,431.3208485841751,4,0.6879370101707845,0.9529356725146199
CLOVER,9697.0,414.5096664428711,4,0.7092150351906418,0.9732523711547147
CUBE,8859.5,384.04163014888763,4,0.7548531427645135,0.9817708333333334
SPHERE,7699.5,335.92387998104095,7,0.8574141208187841,0.9901620370370371
SPHERE,7587.0,332.85281229019165,6,0.8605487670976723,0.9958653278204371
PENTAGON,8851.5,367.2964633703232,5,0.8245049066166114,0.9883318445734703
PENTAGON,6358.0,581.9066350460052,9,0.23595205779754255,0.7048780487804878
CUBE,10086.5,402.72792184352875,4,0.7814962074546482,0.9926191999212715
PENTAGON,8476.0,360.16652059555054,6,0.8210963684453532,0.9947773018015375
CUBE,10175.5,401.0710676908493,4,0.7949191406226058,0.9998526088238184
CLOVER,9329.0,428.08326029777527,8,0.6397178455241807,0.9673372044794691
CLOVER,9372.5,429.66399443149567,10,0.6379804783640425,0.9293505205751116
SPHERE,8683.0,349.4213538169861,8,0.8936774116685114,0.9925130022289536
SPHERE,9320.5,358.97770273685455,8,0.9088958633813471,0.9933390173718427
CUBE,10940.5,415.2132030725479,4,0.7974523179080871,0.992110632509635
PENTAGON,8949.5,380.1248904466629,6,0.7783161111204011,0.9786757067089508
SPHERE,8040.0,343.62236428260803,7,0.8556636236397718,0.9881398635777054
CLOVER,9113.5,403.23758828639984,10,0.7043249039303047,0.9553936471328232
PENTAGON,8665.5,381.78174459934235,7,0.7470904316848844,0.9534576662815646
PENTAGON,8592.5,363.09545290470123,6,0.8190073219791653,0.9932951852494075
CLOVER,9194.0,414.45079135894775,6,0.6726178941562486,0.9416222859483818
PENTAGON,8601.5,363.92387998104095,6,0.8161367787342352,0.9925571197784445
CUBE,9958.0,396.48528122901917,4,0.7960270883590763,0.9988464817693966
SPHERE,7245.5,325.78174459934235,6,0.8578764292956731,0.995534487496565
SPHERE,8596.5,347.52185904979706,8,0.8944730868040318,0.9943898207056102
PENTAGON,9589.0,379.4802289009094,5,0.8367676368444114,0.9920339333747155
CUBE,11368.5,423.55634891986847,4,0.7963255278160501,0.9956647398843931
SPHERE,8693.5,351.0365778207779,7,0.886542945494715,0.9933158135283364
CLOVER,8389.5,404.7523070573807,4,0.6435277462905333,0.9488774529208844
CUBE,10086.0,400.48528122901917,4,0.7902339958638898,0.9956073244163665
PENTAGON,9468.0,373.53910398483276,6,0.8526994205885564,0.9946945422072806
CLOVER,9063.5,413.722869515419,8,0.6654060521890073,0.9327467325306165
CLOVER,8421.5,390.06601536273956,9,0.695541566621668,0.950293387497179
CLOVER,9252.5,417.1787132024765,9,0.6680741648318338,0.9382446889418445
PENTAGON,8738.5,366.7523070573807,5,0.8163963336583169,0.9937453801103088
CUBE,9712.5,392.72792184352875,4,0.7913294649607115,0.9945727305309507
SPHERE,6804.5,316.9533175230026,6,0.8511683742236391,0.993575235453019
SPHERE,8133.0,342.7939372062683,7,0.8697498687928624,0.9934041773543423
PENTAGON,9295.5,374.06601536273956,5,0.834807058107007,0.9929498477808043
CUBE,11563.5,425.55634891986847,4,0.8023890999454846,0.9973693289632568
SPHERE,8794.5,353.52185904979706,7,0.8842772918723724,0.9922152648502285
CLOVER,8624.0,398.5096664428711,4,0.6824029431349051,0.9488914562359025
CUBE,10254.0,402.48528122901917,4,0.7954322063119017,0.9988797428279188
PENTAGON,9143.0,367.8822498321533,6,0.8489476611333243,0.9943447525829255
CLOVER,8410.0,389.82337474823,9,0.6954567169019026,0.9501214483420889
CLOVER,7732.0,390.7939372062683,9,0.6362181793385445,0.930445246690734
CLOVER,9573.0,403.53910398483276,6,0.7387315921930063,0.977684726548537
SPHERE,9017.0,373.5634891986847,9,0.8119758028417096,0.9755490641566591
CLOVER,9579.5,405.2964633703232,6,0.7328364759147425,0.9776995305164319
PENTAGON,8461.5,362.2670258283615,5,0.8102137544006544,0.9909820226035018
SPHERE,8137.0,342.16652059555054,7,0.8733717755009689,0.995717082721488
SPHERE,8233.0,456.16652059555054,8,0.49718860153072525,0.9252641042930996
CLOVER,9854.5,429.3208485841751,7,0.6718626516493268,0.9388814786585366
PENTAGON,9308.5,374.8944424390793,5,0.8322840319603706,0.9944978632478633
CUBE,10583.5,409.899494767189,4,0.7915610430895154,0.9957661005786329
SPHERE,9046.5,376.4924215078354,9,0.8020066591650471,0.9730034955633234
PENTAGON,8986.0,369.94112491607666,5,0.8251084838984103,0.9957338356695662
CUBE,9272.0,382.48528122901917,4,0.7964414095939621,0.999299455730991
CUBE,8713.5,371.899494767189,4,0.79168300638175,0.9950893621880889
CLOVER,8488.0,408.30865597724915,9,0.6397909036721509,0.9275995847221463
CUBE,9716.0,413.3380935192108,5,0.7146386591887735,0.9734007914642088
